{
  "country-flags": {
    "name": "Country Flags & IP WHOIS"
  },
  "work-offline": {
    "name": "Work Offline"
  },
  "media-converter": {
    "name": "Media Converter and Muxer"
  },
  "save-images": {
    "name": "Download All Images"
  },
  "privacy-settings": {
    "name": "Privacy Settings"
  },
  "media-player": {
    "name": "YouTube Media Player"
  },
  "tab-discard": {
    "name": "Auto Tab Discard"
  },
  "two-factor-authenticator": {
    "name": "Open Two-Factor Authenticator"
  },
  "useragent-switcher": {
    "name": "User-Agent Switcher and Manager"
  },
  "block-site": {
    "name": "Block Site"
  },
  "chrome-reader-view": {
    "name": "Reader View"
  },
  "convert-to": {
    "name": "Convert to PDF"
  },
  "dark-theme": {
    "name": "Dark Theme"
  },
  "mute-tab": {
    "name": "Mute Tab"
  },
  "proxy-switcher": {
    "name": "Proxy Switcher"
  },
  "font-finder": {
    "name": "Font Finder"
  },
  "gmail-notifier": {
    "name": "Gmail Notifier"
  },
  "popup-blocker": {
    "name": "Popup Blocker"
  },
  "audio-equalizer": {
    "name": "Audio Equalizer"
  },
  "clipboard-manager": {
    "name": "Clipboard Manager"
  },
  "sqlite-viewer": {
    "name": "SQLite Viewer"
  },
  "audio-joiner": {
    "name": "Audio Joiner"
  },
  "send-links": {
    "name": "Send Links"
  },
  "search-all-tabs": {
    "name": "Search all Tabs"
  },
  "bookmarks-commander": {
    "name": "Bookmarks Commander"
  }
}
